{"cameraMode":{"drawMode":0,"name":"Shaded","section":"Shading Mode"},"sceneLighting":false,"audioPlay":false,"sceneViewState":{"m_AlwaysRefresh":false,"showFog":true,"showSkybox":false,"showFlares":true,"showImageEffects":true,"showParticleSystems":true,"showVisualEffectGraphs":true,"m_FxEnabled":true},"in2DMode":false,"pivot":{"x":1.1905418634414673,"y":-0.3921980857849121,"z":-0.5658740997314453},"rotation":{"x":0.4468652307987213,"y":-0.06030542030930519,"z":0.030209271237254144,"w":0.892055869102478},"size":0.4373687505722046,"orthographic":true}