{"cameraMode":{"drawMode":0,"name":"Shaded","section":"Shading Mode"},"sceneLighting":false,"audioPlay":false,"sceneViewState":{"m_AlwaysRefresh":false,"showFog":true,"showSkybox":false,"showFlares":true,"showImageEffects":true,"showParticleSystems":true,"showVisualEffectGraphs":true,"m_FxEnabled":true},"in2DMode":false,"pivot":{"x":0.05129169672727585,"y":0.576012372970581,"z":2.650907516479492},"rotation":{"x":0.1857585310935974,"y":-0.023579787462949754,"z":0.004459073301404715,"w":0.9823030829429627},"size":1.2580041885375977,"orthographic":true}