{"cameraMode":{"drawMode":0,"name":"Shaded","section":"Shading Mode"},"sceneLighting":false,"audioPlay":false,"sceneViewState":{"m_AlwaysRefresh":false,"showFog":true,"showSkybox":false,"showFlares":true,"showImageEffects":true,"showParticleSystems":true,"showVisualEffectGraphs":true,"m_FxEnabled":true},"in2DMode":false,"pivot":{"x":-0.17000001668930055,"y":4.119999885559082,"z":-6.920000076293945},"rotation":{"x":-0.28910768032073977,"y":0.025562971830368043,"z":-0.0077254511415958408,"w":-0.9569414258003235},"size":2.058342933654785,"orthographic":true}